"id","packetType","wrappingType"
"1","Gabaryt C","Karton klapowy"
"2","Gabaryt C","Karton wykrojnikowy"
"3","Gabaryt B","Karton klapowy"
"4","Gabaryt A","Karton teleskopowy"
"5","Gabaryt B","Pudełko z wiekiem"
"6","Gabaryt C","Karton teleskopowy"
"7","Gabaryt A","Karton klapowy"
"8","Gabaryt C","Pudełko z wiekiem"
"9","Gabaryt A","Folia piankowa"
"10","Gabaryt A","Karton z tektury"
"11","Gabaryt A","Pudełko z wiekiem"
"12","Gabaryt A","Folia piankowa"
"13","Gabaryt B","Karton sztancowany"
"14","Gabaryt B","Pudełko kartonowe"
"15","Gabaryt C","Karton sztancowany"
"16","Gabaryt A","Folia piankowa"
"17","Gabaryt C","Pudełko kartonowe"
"18","Gabaryt B","Karton wykrojnikowy"
"19","Gabaryt B","Pudełko z wiekiem"
"20","Gabaryt C","Folia piankowa"
"21","Gabaryt A","Pudełko karbowane"
"22","Gabaryt C","Karton teleskopowy"
"23","Gabaryt A","Pudełko karbowane"
"24","Gabaryt C","Karton z tektury"
"25","Gabaryt C","Karton podłużny"
"26","Gabaryt B","Karton teleskopowy"
"27","Gabaryt A","Pudełko karbowane"
"28","Gabaryt C","Karton teleskopowy"
"29","Gabaryt C","Pudełko kartonowe"
"30","Gabaryt A","Karton teleskopowy"
"31","Gabaryt A","Pudełko fasonowe"
"32","Gabaryt C","Karton klapowy"
"33","Gabaryt A","Pudełko kartonowe"
"34","Gabaryt C","Pudełko karbowane"
"35","Gabaryt A","Karton z tektury"
"36","Gabaryt B","Karton podłużny"
"37","Gabaryt C","Karton z tektury"
"38","Gabaryt C","Karton teleskopowy"
"39","Gabaryt B","Karton sztancowany"
"40","Gabaryt B","Folia piankowa"
"41","Gabaryt C","Folia piankowa"
"42","Gabaryt A","Karton z tektury"
"43","Gabaryt B","Karton sztancowany"
"44","Gabaryt C","Pudełko kartonowe"
"45","Gabaryt B","Karton wykrojnikowy"
"46","Gabaryt C","Pudełko fasonowe"
"47","Gabaryt B","Karton klapowy"
"48","Gabaryt C","Karton sztancowany"
"49","Gabaryt A","Karton teleskopowy"
"50","Gabaryt A","Folia piankowa"
"51","Gabaryt A","Pudełko fasonowe"
"52","Gabaryt A","Karton wykrojnikowy"
"53","Gabaryt A","Folia piankowa"
"54","Gabaryt B","Folia piankowa"
"55","Gabaryt C","Karton podłużny"
"56","Gabaryt C","Karton wykrojnikowy"
"57","Gabaryt C","Folia piankowa"
"58","Gabaryt A","Pudełko karbowane"
"59","Gabaryt C","Karton z tektury"
"60","Gabaryt B","Karton podłużny"
"61","Gabaryt C","Karton sztancowany"
"62","Gabaryt B","Pudełko z wiekiem"
"63","Gabaryt B","Folia piankowa"
"64","Gabaryt C","Karton klapowy"
"65","Gabaryt A","Karton sztancowany"
"66","Gabaryt A","Pudełko fasonowe"
"67","Gabaryt C","Pudełko fasonowe"
"68","Gabaryt C","Karton podłużny"
"69","Gabaryt C","Karton klapowy"
"70","Gabaryt A","Pudełko kartonowe"
"71","Gabaryt B","Karton teleskopowy"
"72","Gabaryt B","Pudełko kartonowe"
"73","Gabaryt A","Pudełko karbowane"
"74","Gabaryt A","Folia piankowa"
"75","Gabaryt C","Karton teleskopowy"
"76","Gabaryt A","Folia piankowa"
"77","Gabaryt C","Karton z tektury"
"78","Gabaryt C","Karton wykrojnikowy"
"79","Gabaryt C","Pudełko z wiekiem"
"80","Gabaryt B","Karton wykrojnikowy"
"81","Gabaryt A","Karton wykrojnikowy"
"82","Gabaryt A","Karton teleskopowy"
"83","Gabaryt A","Karton podłużny"
"84","Gabaryt A","Karton wykrojnikowy"
"85","Gabaryt C","Karton z tektury"
"86","Gabaryt B","Karton z tektury"
"87","Gabaryt A","Karton podłużny"
"88","Gabaryt B","Pudełko fasonowe"
"89","Gabaryt B","Pudełko karbowane"
"90","Gabaryt C","Karton sztancowany"
"91","Gabaryt B","Pudełko karbowane"
"92","Gabaryt A","Karton sztancowany"
"93","Gabaryt A","Pudełko fasonowe"
"94","Gabaryt A","Folia piankowa"
"95","Gabaryt B","Karton teleskopowy"
"96","Gabaryt B","Karton wykrojnikowy"
"97","Gabaryt C","Karton z tektury"
"98","Gabaryt B","Folia piankowa"
"99","Gabaryt B","Pudełko z wiekiem"
"100","Gabaryt C","Karton wykrojnikowy"
"101","Gabaryt A","Folia piankowa"
"102","Gabaryt C","Pudełko kartonowe"
"103","Gabaryt B","Karton podłużny"
"104","Gabaryt C","Karton z tektury"
"105","Gabaryt A","Karton wykrojnikowy"
"106","Gabaryt A","Karton podłużny"
"107","Gabaryt B","Pudełko z wiekiem"
"108","Gabaryt A","Karton podłużny"
"109","Gabaryt A","Karton wykrojnikowy"
"110","Gabaryt B","Pudełko z wiekiem"
"111","Gabaryt C","Karton klapowy"
"112","Gabaryt A","Karton teleskopowy"
"113","Gabaryt C","Folia piankowa"
"114","Gabaryt C","Pudełko fasonowe"
"115","Gabaryt A","Karton sztancowany"
"116","Gabaryt B","Pudełko karbowane"
"117","Gabaryt A","Karton wykrojnikowy"
"118","Gabaryt C","Karton podłużny"
"119","Gabaryt A","Karton podłużny"
"120","Gabaryt B","Pudełko fasonowe"
"121","Gabaryt B","Folia piankowa"
"122","Gabaryt C","Karton wykrojnikowy"
"123","Gabaryt A","Karton wykrojnikowy"
"124","Gabaryt A","Pudełko kartonowe"
"125","Gabaryt A","Folia piankowa"
"126","Gabaryt A","Karton teleskopowy"
"127","Gabaryt C","Pudełko z wiekiem"
"128","Gabaryt B","Karton klapowy"
"129","Gabaryt A","Pudełko fasonowe"
"130","Gabaryt A","Karton teleskopowy"
"131","Gabaryt A","Karton sztancowany"
"132","Gabaryt B","Karton wykrojnikowy"
"133","Gabaryt B","Karton podłużny"
"134","Gabaryt B","Karton wykrojnikowy"
"135","Gabaryt C","Karton teleskopowy"
"136","Gabaryt B","Karton wykrojnikowy"
"137","Gabaryt B","Karton klapowy"
"138","Gabaryt A","Pudełko karbowane"
"139","Gabaryt B","Folia piankowa"
"140","Gabaryt C","Karton z tektury"
"141","Gabaryt A","Karton teleskopowy"
"142","Gabaryt C","Karton wykrojnikowy"
"143","Gabaryt A","Karton sztancowany"
"144","Gabaryt C","Pudełko z wiekiem"
"145","Gabaryt B","Karton podłużny"
"146","Gabaryt B","Karton sztancowany"
"147","Gabaryt C","Karton sztancowany"
"148","Gabaryt C","Pudełko kartonowe"
"149","Gabaryt B","Folia piankowa"
"150","Gabaryt A","Pudełko fasonowe"
"151","Gabaryt A","Folia piankowa"
"152","Gabaryt A","Karton sztancowany"
"153","Gabaryt B","Pudełko karbowane"
"154","Gabaryt B","Karton z tektury"
"155","Gabaryt B","Karton podłużny"
"156","Gabaryt B","Pudełko fasonowe"
"157","Gabaryt C","Folia piankowa"
"158","Gabaryt C","Karton teleskopowy"
"159","Gabaryt B","Pudełko z wiekiem"
"160","Gabaryt B","Karton podłużny"
"161","Gabaryt C","Pudełko kartonowe"
"162","Gabaryt B","Folia piankowa"
"163","Gabaryt B","Karton klapowy"
"164","Gabaryt A","Karton klapowy"
"165","Gabaryt B","Pudełko kartonowe"
"166","Gabaryt A","Karton sztancowany"
"167","Gabaryt B","Pudełko kartonowe"
"168","Gabaryt B","Karton wykrojnikowy"
"169","Gabaryt B","Pudełko karbowane"
"170","Gabaryt A","Karton wykrojnikowy"
"171","Gabaryt A","Pudełko karbowane"
"172","Gabaryt B","Pudełko karbowane"
"173","Gabaryt A","Folia piankowa"
"174","Gabaryt A","Pudełko kartonowe"
"175","Gabaryt A","Folia piankowa"
"176","Gabaryt A","Karton teleskopowy"
"177","Gabaryt A","Karton podłużny"
"178","Gabaryt B","Folia piankowa"
"179","Gabaryt B","Pudełko kartonowe"
"180","Gabaryt C","Karton klapowy"
"181","Gabaryt A","Karton z tektury"
"182","Gabaryt A","Karton sztancowany"
"183","Gabaryt C","Pudełko z wiekiem"
"184","Gabaryt A","Karton podłużny"
"185","Gabaryt C","Karton podłużny"
"186","Gabaryt C","Pudełko karbowane"
"187","Gabaryt B","Folia piankowa"
"188","Gabaryt C","Karton wykrojnikowy"
"189","Gabaryt B","Pudełko kartonowe"
"190","Gabaryt A","Pudełko z wiekiem"
"191","Gabaryt A","Pudełko z wiekiem"
"192","Gabaryt B","Karton klapowy"
"193","Gabaryt C","Karton wykrojnikowy"
"194","Gabaryt A","Karton wykrojnikowy"
"195","Gabaryt A","Karton wykrojnikowy"
"196","Gabaryt B","Pudełko karbowane"
"197","Gabaryt B","Pudełko karbowane"
"198","Gabaryt A","Karton sztancowany"
"199","Gabaryt C","Pudełko kartonowe"
"200","Gabaryt C","Karton sztancowany"
"201","Gabaryt A","Pudełko kartonowe"
"202","Gabaryt C","Karton klapowy"
"203","Gabaryt B","Folia piankowa"
"204","Gabaryt C","Pudełko fasonowe"
"205","Gabaryt B","Karton klapowy"
"206","Gabaryt B","Pudełko kartonowe"
"207","Gabaryt C","Pudełko z wiekiem"
"208","Gabaryt C","Karton teleskopowy"
"209","Gabaryt A","Karton klapowy"
"210","Gabaryt B","Karton klapowy"
"211","Gabaryt C","Folia piankowa"
"212","Gabaryt A","Folia piankowa"
"213","Gabaryt C","Pudełko kartonowe"
"214","Gabaryt A","Karton podłużny"
"215","Gabaryt B","Pudełko karbowane"
"216","Gabaryt B","Karton teleskopowy"
"217","Gabaryt B","Karton teleskopowy"
"218","Gabaryt A","Karton podłużny"
"219","Gabaryt A","Pudełko karbowane"
"220","Gabaryt C","Karton z tektury"
"221","Gabaryt C","Pudełko z wiekiem"
"222","Gabaryt C","Pudełko karbowane"
"223","Gabaryt A","Karton z tektury"
"224","Gabaryt B","Karton z tektury"
"225","Gabaryt B","Pudełko z wiekiem"
"226","Gabaryt A","Pudełko fasonowe"
"227","Gabaryt A","Karton wykrojnikowy"
"228","Gabaryt C","Karton teleskopowy"
"229","Gabaryt C","Pudełko z wiekiem"
"230","Gabaryt C","Pudełko fasonowe"
"231","Gabaryt B","Karton sztancowany"
"232","Gabaryt C","Pudełko kartonowe"
"233","Gabaryt B","Karton wykrojnikowy"
"234","Gabaryt A","Karton klapowy"
"235","Gabaryt B","Pudełko karbowane"
"236","Gabaryt B","Folia piankowa"
"237","Gabaryt A","Folia piankowa"
"238","Gabaryt A","Karton z tektury"
"239","Gabaryt B","Pudełko fasonowe"
"240","Gabaryt C","Folia piankowa"
"241","Gabaryt C","Karton klapowy"
"242","Gabaryt A","Pudełko kartonowe"
"243","Gabaryt A","Karton sztancowany"
"244","Gabaryt A","Pudełko z wiekiem"
"245","Gabaryt B","Karton teleskopowy"
"246","Gabaryt C","Pudełko fasonowe"
"247","Gabaryt C","Pudełko fasonowe"
"248","Gabaryt C","Pudełko kartonowe"
"249","Gabaryt C","Folia piankowa"
"250","Gabaryt C","Karton wykrojnikowy"
"251","Gabaryt B","Karton sztancowany"
"252","Gabaryt B","Karton podłużny"
"253","Gabaryt C","Karton klapowy"
"254","Gabaryt A","Karton klapowy"
"255","Gabaryt C","Karton podłużny"
"256","Gabaryt B","Karton z tektury"
"257","Gabaryt B","Karton sztancowany"
"258","Gabaryt B","Karton z tektury"
"259","Gabaryt A","Karton wykrojnikowy"
"260","Gabaryt A","Pudełko z wiekiem"
"261","Gabaryt A","Karton wykrojnikowy"
"262","Gabaryt A","Pudełko karbowane"
"263","Gabaryt C","Karton z tektury"
"264","Gabaryt A","Karton klapowy"
"265","Gabaryt A","Karton klapowy"
"266","Gabaryt A","Folia piankowa"
"267","Gabaryt A","Karton sztancowany"
"268","Gabaryt B","Pudełko kartonowe"
"269","Gabaryt A","Pudełko z wiekiem"
"270","Gabaryt B","Karton klapowy"
"271","Gabaryt C","Karton podłużny"
"272","Gabaryt C","Karton klapowy"
"273","Gabaryt B","Karton podłużny"
"274","Gabaryt B","Pudełko z wiekiem"
"275","Gabaryt C","Karton teleskopowy"
"276","Gabaryt C","Pudełko kartonowe"
"277","Gabaryt A","Karton sztancowany"
"278","Gabaryt B","Karton wykrojnikowy"
"279","Gabaryt A","Folia piankowa"
"280","Gabaryt C","Pudełko z wiekiem"
"281","Gabaryt B","Karton klapowy"
"282","Gabaryt A","Karton z tektury"
"283","Gabaryt A","Folia piankowa"
"284","Gabaryt A","Karton z tektury"
"285","Gabaryt A","Karton teleskopowy"
"286","Gabaryt C","Pudełko fasonowe"
"287","Gabaryt B","Pudełko kartonowe"
"288","Gabaryt C","Karton klapowy"
"289","Gabaryt A","Karton sztancowany"
"290","Gabaryt C","Karton teleskopowy"
"291","Gabaryt A","Pudełko karbowane"
"292","Gabaryt A","Pudełko karbowane"
"293","Gabaryt A","Karton teleskopowy"
"294","Gabaryt C","Karton teleskopowy"
"295","Gabaryt C","Karton sztancowany"
"296","Gabaryt B","Pudełko kartonowe"
"297","Gabaryt C","Karton klapowy"
"298","Gabaryt A","Pudełko fasonowe"
"299","Gabaryt C","Karton wykrojnikowy"
"300","Gabaryt A","Karton z tektury"
"301","Gabaryt B","Karton podłużny"
"302","Gabaryt C","Karton z tektury"
"303","Gabaryt B","Folia piankowa"
"304","Gabaryt A","Pudełko kartonowe"
"305","Gabaryt B","Karton sztancowany"
"306","Gabaryt A","Pudełko kartonowe"
"307","Gabaryt C","Pudełko fasonowe"
"308","Gabaryt B","Karton z tektury"
"309","Gabaryt A","Karton podłużny"
"310","Gabaryt A","Pudełko kartonowe"
"311","Gabaryt B","Karton z tektury"
"312","Gabaryt B","Karton wykrojnikowy"
"313","Gabaryt C","Folia piankowa"
"314","Gabaryt B","Karton sztancowany"
"315","Gabaryt C","Pudełko z wiekiem"
"316","Gabaryt A","Karton sztancowany"
"317","Gabaryt B","Karton wykrojnikowy"
"318","Gabaryt C","Karton sztancowany"
"319","Gabaryt A","Karton wykrojnikowy"
"320","Gabaryt C","Pudełko fasonowe"
"321","Gabaryt B","Karton sztancowany"
"322","Gabaryt C","Karton podłużny"
"323","Gabaryt C","Karton klapowy"
"324","Gabaryt C","Karton wykrojnikowy"
"325","Gabaryt C","Folia piankowa"
"326","Gabaryt B","Karton klapowy"
"327","Gabaryt B","Pudełko karbowane"
"328","Gabaryt A","Karton teleskopowy"
"329","Gabaryt B","Pudełko z wiekiem"
"330","Gabaryt C","Karton wykrojnikowy"
"331","Gabaryt A","Karton klapowy"
"332","Gabaryt B","Pudełko fasonowe"
"333","Gabaryt C","Karton teleskopowy"
"334","Gabaryt C","Karton podłużny"
"335","Gabaryt C","Karton klapowy"
"336","Gabaryt A","Folia piankowa"
"337","Gabaryt A","Karton klapowy"
"338","Gabaryt C","Pudełko kartonowe"
"339","Gabaryt A","Karton z tektury"
"340","Gabaryt C","Folia piankowa"
"341","Gabaryt C","Karton wykrojnikowy"
"342","Gabaryt A","Karton klapowy"
"343","Gabaryt B","Karton z tektury"
"344","Gabaryt C","Karton podłużny"
"345","Gabaryt B","Folia piankowa"
"346","Gabaryt B","Pudełko z wiekiem"
"347","Gabaryt C","Karton klapowy"
"348","Gabaryt C","Karton wykrojnikowy"
"349","Gabaryt C","Karton sztancowany"
"350","Gabaryt B","Karton sztancowany"
"351","Gabaryt C","Folia piankowa"
"352","Gabaryt C","Pudełko karbowane"
"353","Gabaryt A","Pudełko z wiekiem"
"354","Gabaryt C","Karton podłużny"
"355","Gabaryt C","Karton podłużny"
"356","Gabaryt C","Folia piankowa"
"357","Gabaryt B","Pudełko karbowane"
"358","Gabaryt C","Pudełko karbowane"
"359","Gabaryt A","Pudełko fasonowe"
"360","Gabaryt A","Karton sztancowany"
"361","Gabaryt B","Pudełko z wiekiem"
"362","Gabaryt B","Karton wykrojnikowy"
"363","Gabaryt A","Karton wykrojnikowy"
"364","Gabaryt A","Pudełko fasonowe"
"365","Gabaryt C","Karton sztancowany"
"366","Gabaryt C","Pudełko z wiekiem"
"367","Gabaryt B","Karton sztancowany"
"368","Gabaryt A","Pudełko karbowane"
"369","Gabaryt C","Pudełko kartonowe"
"370","Gabaryt C","Karton wykrojnikowy"
"371","Gabaryt A","Pudełko fasonowe"
"372","Gabaryt C","Pudełko z wiekiem"
"373","Gabaryt C","Karton z tektury"
"374","Gabaryt B","Pudełko karbowane"
"375","Gabaryt A","Karton klapowy"
"376","Gabaryt C","Pudełko karbowane"
"377","Gabaryt B","Folia piankowa"
"378","Gabaryt C","Pudełko kartonowe"
"379","Gabaryt A","Pudełko fasonowe"
"380","Gabaryt A","Karton wykrojnikowy"
"381","Gabaryt A","Karton klapowy"
"382","Gabaryt B","Pudełko karbowane"
"383","Gabaryt A","Karton klapowy"
"384","Gabaryt A","Karton podłużny"
"385","Gabaryt B","Pudełko fasonowe"
"386","Gabaryt C","Karton klapowy"
"387","Gabaryt B","Pudełko kartonowe"
"388","Gabaryt B","Karton teleskopowy"
"389","Gabaryt B","Folia piankowa"
"390","Gabaryt C","Karton z tektury"
"391","Gabaryt B","Folia piankowa"
"392","Gabaryt B","Pudełko z wiekiem"
"393","Gabaryt B","Folia piankowa"
"394","Gabaryt C","Folia piankowa"
"395","Gabaryt B","Karton podłużny"
"396","Gabaryt A","Pudełko fasonowe"
"397","Gabaryt C","Karton podłużny"
"398","Gabaryt B","Folia piankowa"
"399","Gabaryt B","Pudełko karbowane"
"400","Gabaryt A","Karton wykrojnikowy"
"401","Gabaryt A","Pudełko kartonowe"
"402","Gabaryt B","Karton z tektury"
"403","Gabaryt B","Karton wykrojnikowy"
"404","Gabaryt C","Pudełko karbowane"
"405","Gabaryt C","Karton teleskopowy"
"406","Gabaryt B","Karton sztancowany"
"407","Gabaryt C","Karton podłużny"
"408","Gabaryt A","Pudełko kartonowe"
"409","Gabaryt B","Karton z tektury"
"410","Gabaryt A","Pudełko karbowane"
"411","Gabaryt B","Pudełko z wiekiem"
"412","Gabaryt B","Karton sztancowany"
"413","Gabaryt C","Karton klapowy"
"414","Gabaryt C","Pudełko z wiekiem"
"415","Gabaryt A","Karton teleskopowy"
"416","Gabaryt C","Karton sztancowany"
"417","Gabaryt B","Karton wykrojnikowy"
"418","Gabaryt C","Karton sztancowany"
"419","Gabaryt B","Pudełko karbowane"
"420","Gabaryt C","Pudełko kartonowe"
"421","Gabaryt A","Pudełko karbowane"
"422","Gabaryt A","Karton klapowy"
"423","Gabaryt A","Pudełko karbowane"
"424","Gabaryt A","Karton podłużny"
"425","Gabaryt C","Pudełko z wiekiem"
"426","Gabaryt A","Pudełko fasonowe"
"427","Gabaryt A","Karton klapowy"
"428","Gabaryt C","Pudełko karbowane"
"429","Gabaryt C","Karton sztancowany"
"430","Gabaryt C","Karton wykrojnikowy"
"431","Gabaryt C","Karton wykrojnikowy"
"432","Gabaryt A","Folia piankowa"
"433","Gabaryt B","Karton sztancowany"
"434","Gabaryt A","Folia piankowa"
"435","Gabaryt B","Karton klapowy"
"436","Gabaryt B","Karton wykrojnikowy"
"437","Gabaryt C","Karton sztancowany"
"438","Gabaryt B","Karton wykrojnikowy"
"439","Gabaryt B","Pudełko karbowane"
"440","Gabaryt A","Karton z tektury"
"441","Gabaryt B","Pudełko kartonowe"
"442","Gabaryt B","Karton z tektury"
"443","Gabaryt A","Karton podłużny"
"444","Gabaryt A","Karton sztancowany"
"445","Gabaryt C","Folia piankowa"
"446","Gabaryt C","Pudełko z wiekiem"
"447","Gabaryt A","Karton klapowy"
"448","Gabaryt C","Folia piankowa"
"449","Gabaryt B","Karton sztancowany"
"450","Gabaryt C","Karton teleskopowy"
"451","Gabaryt C","Pudełko z wiekiem"
"452","Gabaryt C","Karton sztancowany"
"453","Gabaryt B","Karton sztancowany"
"454","Gabaryt A","Karton podłużny"
"455","Gabaryt C","Pudełko fasonowe"
"456","Gabaryt A","Pudełko z wiekiem"
"457","Gabaryt A","Pudełko fasonowe"
"458","Gabaryt C","Karton teleskopowy"
"459","Gabaryt C","Karton teleskopowy"
"460","Gabaryt C","Karton z tektury"
"461","Gabaryt C","Karton klapowy"
"462","Gabaryt B","Folia piankowa"
"463","Gabaryt A","Karton sztancowany"
"464","Gabaryt B","Karton wykrojnikowy"
"465","Gabaryt A","Karton z tektury"
"466","Gabaryt A","Karton podłużny"
"467","Gabaryt C","Karton klapowy"
"468","Gabaryt B","Pudełko karbowane"
"469","Gabaryt C","Karton z tektury"
"470","Gabaryt C","Pudełko z wiekiem"
"471","Gabaryt C","Pudełko kartonowe"
"472","Gabaryt B","Karton sztancowany"
"473","Gabaryt B","Pudełko kartonowe"
"474","Gabaryt A","Pudełko z wiekiem"
"475","Gabaryt C","Folia piankowa"
"476","Gabaryt C","Pudełko karbowane"
"477","Gabaryt A","Pudełko karbowane"
"478","Gabaryt A","Karton klapowy"
"479","Gabaryt C","Karton podłużny"
"480","Gabaryt A","Folia piankowa"
"481","Gabaryt A","Pudełko z wiekiem"
"482","Gabaryt B","Karton sztancowany"
"483","Gabaryt B","Folia piankowa"
"484","Gabaryt B","Karton z tektury"
"485","Gabaryt C","Pudełko karbowane"
"486","Gabaryt B","Pudełko kartonowe"
"487","Gabaryt C","Pudełko z wiekiem"
"488","Gabaryt C","Folia piankowa"
"489","Gabaryt A","Pudełko kartonowe"
"490","Gabaryt A","Pudełko karbowane"
"491","Gabaryt C","Karton teleskopowy"
"492","Gabaryt A","Pudełko z wiekiem"
"493","Gabaryt C","Karton sztancowany"
"494","Gabaryt B","Karton klapowy"
"495","Gabaryt C","Karton wykrojnikowy"
"496","Gabaryt A","Pudełko kartonowe"
"497","Gabaryt A","Karton z tektury"
"498","Gabaryt A","Karton podłużny"
"499","Gabaryt B","Karton podłużny"
"500","Gabaryt C","Karton sztancowany"
"501","Gabaryt B","Pudełko z wiekiem"
"502","Gabaryt C","Pudełko kartonowe"
"503","Gabaryt C","Karton sztancowany"
"504","Gabaryt A","Pudełko kartonowe"
"505","Gabaryt B","Karton wykrojnikowy"
"506","Gabaryt A","Karton podłużny"
"507","Gabaryt B","Pudełko z wiekiem"
"508","Gabaryt B","Karton klapowy"
"509","Gabaryt B","Pudełko kartonowe"
"510","Gabaryt B","Pudełko z wiekiem"
"511","Gabaryt A","Karton z tektury"
"512","Gabaryt A","Karton podłużny"
"513","Gabaryt B","Folia piankowa"
"514","Gabaryt B","Pudełko fasonowe"
"515","Gabaryt C","Folia piankowa"
"516","Gabaryt B","Karton podłużny"
"517","Gabaryt B","Karton z tektury"
"518","Gabaryt B","Pudełko kartonowe"
"519","Gabaryt A","Pudełko karbowane"
"520","Gabaryt B","Karton sztancowany"
"521","Gabaryt A","Karton sztancowany"
"522","Gabaryt B","Pudełko z wiekiem"
"523","Gabaryt C","Karton teleskopowy"
"524","Gabaryt C","Pudełko z wiekiem"
"525","Gabaryt B","Karton wykrojnikowy"
"526","Gabaryt A","Karton teleskopowy"
"527","Gabaryt C","Pudełko fasonowe"
"528","Gabaryt B","Pudełko fasonowe"
"529","Gabaryt A","Karton podłużny"
"530","Gabaryt C","Karton podłużny"
"531","Gabaryt C","Karton podłużny"
"532","Gabaryt C","Karton teleskopowy"
"533","Gabaryt B","Karton wykrojnikowy"
"534","Gabaryt C","Folia piankowa"
"535","Gabaryt C","Karton sztancowany"
"536","Gabaryt B","Pudełko z wiekiem"
"537","Gabaryt B","Karton sztancowany"
"538","Gabaryt A","Karton klapowy"
"539","Gabaryt A","Karton z tektury"
"540","Gabaryt B","Karton z tektury"
"541","Gabaryt B","Karton teleskopowy"
"542","Gabaryt B","Pudełko kartonowe"
"543","Gabaryt C","Karton sztancowany"
"544","Gabaryt C","Karton z tektury"
"545","Gabaryt C","Pudełko kartonowe"
"546","Gabaryt B","Karton sztancowany"
"547","Gabaryt B","Pudełko fasonowe"
"548","Gabaryt B","Karton podłużny"
"549","Gabaryt A","Pudełko fasonowe"
"550","Gabaryt A","Karton klapowy"
"551","Gabaryt A","Pudełko karbowane"
"552","Gabaryt A","Folia piankowa"
"553","Gabaryt C","Karton podłużny"
"554","Gabaryt C","Karton podłużny"
"555","Gabaryt C","Karton wykrojnikowy"
"556","Gabaryt C","Pudełko fasonowe"
"557","Gabaryt A","Karton podłużny"
"558","Gabaryt C","Karton teleskopowy"
"559","Gabaryt A","Karton klapowy"
"560","Gabaryt A","Karton podłużny"
"561","Gabaryt B","Pudełko z wiekiem"
"562","Gabaryt C","Pudełko karbowane"
"563","Gabaryt C","Karton teleskopowy"
"564","Gabaryt C","Pudełko z wiekiem"
"565","Gabaryt C","Pudełko kartonowe"
"566","Gabaryt C","Pudełko fasonowe"
"567","Gabaryt C","Pudełko z wiekiem"
"568","Gabaryt B","Karton podłużny"
"569","Gabaryt B","Karton klapowy"
"570","Gabaryt B","Pudełko karbowane"
"571","Gabaryt A","Pudełko kartonowe"
"572","Gabaryt B","Karton z tektury"
"573","Gabaryt A","Karton klapowy"
"574","Gabaryt B","Karton klapowy"
"575","Gabaryt C","Karton wykrojnikowy"
"576","Gabaryt B","Karton wykrojnikowy"
"577","Gabaryt C","Karton wykrojnikowy"
"578","Gabaryt C","Folia piankowa"
"579","Gabaryt A","Karton z tektury"
"580","Gabaryt C","Folia piankowa"
"581","Gabaryt C","Karton podłużny"
"582","Gabaryt C","Karton podłużny"
"583","Gabaryt C","Pudełko kartonowe"
"584","Gabaryt C","Pudełko karbowane"
"585","Gabaryt A","Karton klapowy"
"586","Gabaryt C","Karton teleskopowy"
"587","Gabaryt B","Karton teleskopowy"
"588","Gabaryt A","Karton podłużny"
"589","Gabaryt C","Pudełko fasonowe"
"590","Gabaryt C","Pudełko z wiekiem"
"591","Gabaryt A","Karton teleskopowy"
"592","Gabaryt A","Pudełko kartonowe"
"593","Gabaryt B","Karton podłużny"
"594","Gabaryt C","Karton teleskopowy"
"595","Gabaryt B","Karton teleskopowy"
"596","Gabaryt B","Pudełko karbowane"
"597","Gabaryt A","Folia piankowa"
"598","Gabaryt C","Pudełko z wiekiem"
"599","Gabaryt C","Karton wykrojnikowy"
"600","Gabaryt A","Pudełko kartonowe"
"601","Gabaryt C","Pudełko fasonowe"
"602","Gabaryt A","Karton wykrojnikowy"
"603","Gabaryt A","Pudełko fasonowe"
"604","Gabaryt C","Karton sztancowany"
"605","Gabaryt C","Pudełko z wiekiem"
"606","Gabaryt A","Pudełko z wiekiem"
"607","Gabaryt A","Pudełko fasonowe"
"608","Gabaryt C","Pudełko fasonowe"
"609","Gabaryt C","Karton podłużny"
"610","Gabaryt B","Pudełko fasonowe"
"611","Gabaryt C","Karton sztancowany"
"612","Gabaryt C","Karton sztancowany"
"613","Gabaryt C","Karton klapowy"
"614","Gabaryt A","Karton podłużny"
"615","Gabaryt B","Karton podłużny"
"616","Gabaryt C","Pudełko karbowane"
"617","Gabaryt B","Karton wykrojnikowy"
"618","Gabaryt A","Karton teleskopowy"
"619","Gabaryt A","Karton podłużny"
"620","Gabaryt A","Karton podłużny"
"621","Gabaryt A","Karton podłużny"
"622","Gabaryt A","Karton sztancowany"
"623","Gabaryt C","Karton teleskopowy"
"624","Gabaryt B","Karton klapowy"
"625","Gabaryt C","Pudełko kartonowe"
"626","Gabaryt C","Pudełko kartonowe"
"627","Gabaryt C","Pudełko kartonowe"
"628","Gabaryt B","Pudełko karbowane"
"629","Gabaryt C","Karton teleskopowy"
"630","Gabaryt A","Pudełko karbowane"
"631","Gabaryt B","Karton z tektury"
"632","Gabaryt B","Pudełko karbowane"
"633","Gabaryt A","Karton teleskopowy"
"634","Gabaryt A","Pudełko z wiekiem"
"635","Gabaryt A","Karton klapowy"
"636","Gabaryt B","Karton teleskopowy"
"637","Gabaryt B","Karton teleskopowy"
"638","Gabaryt C","Pudełko z wiekiem"
"639","Gabaryt C","Karton wykrojnikowy"
"640","Gabaryt B","Pudełko karbowane"
"641","Gabaryt C","Karton z tektury"
"642","Gabaryt A","Karton klapowy"
"643","Gabaryt B","Folia piankowa"
"644","Gabaryt C","Pudełko karbowane"
"645","Gabaryt A","Karton wykrojnikowy"
"646","Gabaryt C","Karton z tektury"
"647","Gabaryt C","Karton z tektury"
"648","Gabaryt C","Folia piankowa"
"649","Gabaryt A","Karton klapowy"
"650","Gabaryt B","Pudełko karbowane"
"651","Gabaryt A","Pudełko fasonowe"
"652","Gabaryt B","Pudełko z wiekiem"
"653","Gabaryt C","Karton z tektury"
"654","Gabaryt C","Folia piankowa"
"655","Gabaryt C","Karton teleskopowy"
"656","Gabaryt B","Karton teleskopowy"
"657","Gabaryt B","Karton sztancowany"
"658","Gabaryt C","Pudełko fasonowe"
"659","Gabaryt C","Pudełko fasonowe"
"660","Gabaryt B","Karton teleskopowy"
"661","Gabaryt C","Pudełko z wiekiem"
"662","Gabaryt B","Karton klapowy"
"663","Gabaryt A","Pudełko karbowane"
"664","Gabaryt C","Pudełko karbowane"
"665","Gabaryt B","Pudełko kartonowe"
"666","Gabaryt B","Pudełko karbowane"
"667","Gabaryt A","Pudełko kartonowe"
"668","Gabaryt C","Karton wykrojnikowy"
"669","Gabaryt B","Pudełko kartonowe"
"670","Gabaryt A","Karton klapowy"
"671","Gabaryt A","Karton wykrojnikowy"
"672","Gabaryt C","Pudełko fasonowe"
"673","Gabaryt C","Karton podłużny"
"674","Gabaryt B","Pudełko fasonowe"
"675","Gabaryt C","Karton teleskopowy"
"676","Gabaryt A","Pudełko kartonowe"
"677","Gabaryt A","Karton teleskopowy"
"678","Gabaryt A","Karton z tektury"
"679","Gabaryt C","Karton podłużny"
"680","Gabaryt C","Pudełko z wiekiem"
"681","Gabaryt B","Karton klapowy"
"682","Gabaryt C","Karton teleskopowy"
"683","Gabaryt C","Karton wykrojnikowy"
"684","Gabaryt C","Karton klapowy"
"685","Gabaryt A","Karton klapowy"
"686","Gabaryt A","Folia piankowa"
"687","Gabaryt C","Folia piankowa"
"688","Gabaryt C","Karton z tektury"
"689","Gabaryt A","Karton wykrojnikowy"
"690","Gabaryt A","Pudełko karbowane"
"691","Gabaryt B","Folia piankowa"
"692","Gabaryt B","Pudełko karbowane"
"693","Gabaryt A","Karton klapowy"
"694","Gabaryt A","Karton wykrojnikowy"
"695","Gabaryt B","Karton z tektury"
"696","Gabaryt A","Karton sztancowany"
"697","Gabaryt B","Karton podłużny"
"698","Gabaryt B","Karton klapowy"
"699","Gabaryt A","Pudełko karbowane"
"700","Gabaryt C","Pudełko z wiekiem"
"701","Gabaryt A","Karton klapowy"
"702","Gabaryt B","Pudełko z wiekiem"
"703","Gabaryt C","Karton wykrojnikowy"
"704","Gabaryt B","Karton teleskopowy"
"705","Gabaryt B","Pudełko fasonowe"
"706","Gabaryt C","Pudełko z wiekiem"
"707","Gabaryt C","Pudełko kartonowe"
"708","Gabaryt A","Folia piankowa"
"709","Gabaryt A","Folia piankowa"
"710","Gabaryt A","Karton klapowy"
"711","Gabaryt B","Karton teleskopowy"
"712","Gabaryt A","Karton wykrojnikowy"
"713","Gabaryt B","Pudełko karbowane"
"714","Gabaryt C","Folia piankowa"
"715","Gabaryt C","Pudełko fasonowe"
"716","Gabaryt A","Karton klapowy"
"717","Gabaryt C","Pudełko z wiekiem"
"718","Gabaryt B","Karton z tektury"
"719","Gabaryt A","Karton teleskopowy"
"720","Gabaryt A","Karton z tektury"
"721","Gabaryt A","Pudełko z wiekiem"
"722","Gabaryt C","Karton z tektury"
"723","Gabaryt B","Karton klapowy"
"724","Gabaryt A","Karton teleskopowy"
"725","Gabaryt A","Pudełko karbowane"
"726","Gabaryt B","Folia piankowa"
"727","Gabaryt B","Karton z tektury"
"728","Gabaryt C","Karton wykrojnikowy"
"729","Gabaryt A","Karton klapowy"
"730","Gabaryt C","Karton klapowy"
"731","Gabaryt C","Karton sztancowany"
"732","Gabaryt C","Karton z tektury"
"733","Gabaryt B","Pudełko fasonowe"
"734","Gabaryt C","Karton klapowy"
"735","Gabaryt A","Karton podłużny"
"736","Gabaryt A","Karton sztancowany"
"737","Gabaryt C","Folia piankowa"
"738","Gabaryt A","Karton teleskopowy"
"739","Gabaryt C","Karton z tektury"
"740","Gabaryt A","Karton sztancowany"
"741","Gabaryt A","Pudełko fasonowe"
"742","Gabaryt A","Karton teleskopowy"
"743","Gabaryt A","Karton wykrojnikowy"
"744","Gabaryt C","Pudełko kartonowe"
"745","Gabaryt A","Karton podłużny"
"746","Gabaryt C","Pudełko fasonowe"
"747","Gabaryt A","Karton klapowy"
"748","Gabaryt C","Karton teleskopowy"
"749","Gabaryt B","Pudełko z wiekiem"
"750","Gabaryt C","Karton podłużny"
"751","Gabaryt A","Pudełko karbowane"
"752","Gabaryt C","Karton sztancowany"
"753","Gabaryt C","Pudełko z wiekiem"
"754","Gabaryt B","Karton sztancowany"
"755","Gabaryt B","Folia piankowa"
"756","Gabaryt A","Karton sztancowany"
"757","Gabaryt B","Karton podłużny"
"758","Gabaryt A","Karton podłużny"
"759","Gabaryt B","Folia piankowa"
"760","Gabaryt B","Karton z tektury"
"761","Gabaryt C","Pudełko fasonowe"
"762","Gabaryt C","Karton klapowy"
"763","Gabaryt A","Karton teleskopowy"
"764","Gabaryt C","Karton z tektury"
"765","Gabaryt A","Karton sztancowany"
"766","Gabaryt C","Pudełko z wiekiem"
"767","Gabaryt A","Pudełko karbowane"
"768","Gabaryt C","Karton klapowy"
"769","Gabaryt C","Karton wykrojnikowy"
"770","Gabaryt A","Pudełko z wiekiem"
"771","Gabaryt A","Karton z tektury"
"772","Gabaryt C","Karton z tektury"
"773","Gabaryt A","Karton z tektury"
"774","Gabaryt B","Pudełko karbowane"
"775","Gabaryt B","Folia piankowa"
"776","Gabaryt B","Karton klapowy"
"777","Gabaryt A","Pudełko karbowane"
"778","Gabaryt C","Pudełko z wiekiem"
"779","Gabaryt B","Karton wykrojnikowy"
"780","Gabaryt B","Karton sztancowany"
"781","Gabaryt B","Karton klapowy"
"782","Gabaryt A","Folia piankowa"
"783","Gabaryt A","Pudełko karbowane"
"784","Gabaryt B","Folia piankowa"
"785","Gabaryt C","Karton podłużny"
"786","Gabaryt C","Pudełko kartonowe"
"787","Gabaryt B","Pudełko kartonowe"
"788","Gabaryt B","Karton klapowy"
"789","Gabaryt C","Karton z tektury"
"790","Gabaryt C","Pudełko fasonowe"
"791","Gabaryt C","Pudełko karbowane"
"792","Gabaryt B","Pudełko karbowane"
"793","Gabaryt A","Pudełko z wiekiem"
"794","Gabaryt A","Pudełko karbowane"
"795","Gabaryt B","Karton teleskopowy"
"796","Gabaryt B","Pudełko karbowane"
"797","Gabaryt A","Pudełko karbowane"
"798","Gabaryt C","Pudełko z wiekiem"
"799","Gabaryt A","Pudełko z wiekiem"
"800","Gabaryt A","Karton sztancowany"
"801","Gabaryt B","Pudełko z wiekiem"
"802","Gabaryt B","Pudełko karbowane"
"803","Gabaryt A","Karton sztancowany"
"804","Gabaryt A","Karton klapowy"
"805","Gabaryt C","Pudełko karbowane"
"806","Gabaryt C","Pudełko karbowane"
"807","Gabaryt A","Karton podłużny"
"808","Gabaryt C","Karton klapowy"
"809","Gabaryt A","Pudełko kartonowe"
"810","Gabaryt A","Karton teleskopowy"
"811","Gabaryt A","Karton sztancowany"
"812","Gabaryt B","Karton klapowy"
"813","Gabaryt B","Karton z tektury"
"814","Gabaryt A","Pudełko kartonowe"
"815","Gabaryt A","Pudełko z wiekiem"
"816","Gabaryt A","Pudełko z wiekiem"
"817","Gabaryt B","Karton wykrojnikowy"
"818","Gabaryt A","Karton teleskopowy"
"819","Gabaryt C","Karton sztancowany"
"820","Gabaryt C","Pudełko z wiekiem"
"821","Gabaryt A","Folia piankowa"
"822","Gabaryt A","Pudełko fasonowe"
"823","Gabaryt A","Karton podłużny"
"824","Gabaryt A","Karton teleskopowy"
"825","Gabaryt A","Pudełko fasonowe"
"826","Gabaryt C","Pudełko karbowane"
"827","Gabaryt C","Pudełko kartonowe"
"828","Gabaryt C","Pudełko kartonowe"
"829","Gabaryt A","Pudełko fasonowe"
"830","Gabaryt A","Pudełko fasonowe"
"831","Gabaryt C","Karton z tektury"
"832","Gabaryt B","Karton podłużny"
"833","Gabaryt B","Pudełko fasonowe"
"834","Gabaryt C","Karton z tektury"
"835","Gabaryt C","Pudełko z wiekiem"
"836","Gabaryt A","Karton z tektury"
"837","Gabaryt C","Folia piankowa"
"838","Gabaryt A","Pudełko z wiekiem"
"839","Gabaryt C","Pudełko karbowane"
"840","Gabaryt C","Pudełko kartonowe"
"841","Gabaryt B","Karton teleskopowy"
"842","Gabaryt C","Karton klapowy"
"843","Gabaryt C","Karton klapowy"
"844","Gabaryt C","Pudełko z wiekiem"
"845","Gabaryt C","Folia piankowa"
"846","Gabaryt C","Pudełko kartonowe"
"847","Gabaryt C","Pudełko karbowane"
"848","Gabaryt C","Karton wykrojnikowy"
"849","Gabaryt C","Pudełko karbowane"
"850","Gabaryt A","Pudełko karbowane"
"851","Gabaryt B","Karton wykrojnikowy"
"852","Gabaryt A","Pudełko karbowane"
"853","Gabaryt A","Karton podłużny"
"854","Gabaryt A","Karton klapowy"
"855","Gabaryt A","Pudełko fasonowe"
"856","Gabaryt B","Karton klapowy"
"857","Gabaryt B","Karton klapowy"
"858","Gabaryt C","Pudełko karbowane"
"859","Gabaryt B","Karton wykrojnikowy"
"860","Gabaryt C","Pudełko fasonowe"
"861","Gabaryt B","Pudełko kartonowe"
"862","Gabaryt A","Pudełko fasonowe"
"863","Gabaryt C","Pudełko z wiekiem"
"864","Gabaryt A","Karton podłużny"
"865","Gabaryt C","Karton wykrojnikowy"
"866","Gabaryt B","Folia piankowa"
"867","Gabaryt B","Pudełko z wiekiem"
"868","Gabaryt C","Pudełko z wiekiem"
"869","Gabaryt B","Pudełko kartonowe"
"870","Gabaryt C","Pudełko z wiekiem"
"871","Gabaryt B","Karton wykrojnikowy"
"872","Gabaryt C","Pudełko fasonowe"
"873","Gabaryt A","Pudełko kartonowe"
"874","Gabaryt C","Karton wykrojnikowy"
"875","Gabaryt C","Karton sztancowany"
"876","Gabaryt B","Pudełko kartonowe"
"877","Gabaryt C","Karton teleskopowy"
"878","Gabaryt A","Karton podłużny"
"879","Gabaryt C","Karton z tektury"
"880","Gabaryt C","Karton wykrojnikowy"
"881","Gabaryt B","Karton klapowy"
"882","Gabaryt C","Karton podłużny"
"883","Gabaryt C","Karton wykrojnikowy"
"884","Gabaryt A","Karton sztancowany"
"885","Gabaryt B","Karton z tektury"
"886","Gabaryt B","Karton klapowy"
"887","Gabaryt C","Pudełko z wiekiem"
"888","Gabaryt C","Pudełko z wiekiem"
"889","Gabaryt A","Karton klapowy"
"890","Gabaryt C","Folia piankowa"
"891","Gabaryt A","Karton klapowy"
"892","Gabaryt C","Karton z tektury"
"893","Gabaryt B","Pudełko kartonowe"
"894","Gabaryt C","Karton podłużny"
"895","Gabaryt C","Karton podłużny"
"896","Gabaryt C","Pudełko fasonowe"
"897","Gabaryt C","Pudełko karbowane"
"898","Gabaryt A","Karton z tektury"
"899","Gabaryt B","Karton teleskopowy"
"900","Gabaryt A","Pudełko kartonowe"
"901","Gabaryt B","Karton wykrojnikowy"
"902","Gabaryt B","Karton teleskopowy"
"903","Gabaryt C","Pudełko kartonowe"
"904","Gabaryt B","Pudełko fasonowe"
"905","Gabaryt B","Karton podłużny"
"906","Gabaryt B","Karton podłużny"
"907","Gabaryt B","Karton wykrojnikowy"
"908","Gabaryt B","Karton podłużny"
"909","Gabaryt A","Karton teleskopowy"
"910","Gabaryt C","Pudełko z wiekiem"
"911","Gabaryt B","Karton teleskopowy"
"912","Gabaryt A","Karton podłużny"
"913","Gabaryt A","Pudełko kartonowe"
"914","Gabaryt C","Karton podłużny"
"915","Gabaryt C","Pudełko z wiekiem"
"916","Gabaryt B","Karton podłużny"
"917","Gabaryt C","Pudełko karbowane"
"918","Gabaryt C","Karton wykrojnikowy"
"919","Gabaryt A","Pudełko karbowane"
"920","Gabaryt B","Pudełko kartonowe"
"921","Gabaryt B","Pudełko kartonowe"
"922","Gabaryt B","Karton klapowy"
"923","Gabaryt C","Pudełko z wiekiem"
"924","Gabaryt B","Pudełko kartonowe"
"925","Gabaryt B","Pudełko karbowane"
"926","Gabaryt A","Pudełko karbowane"
"927","Gabaryt C","Pudełko kartonowe"
"928","Gabaryt B","Karton wykrojnikowy"
"929","Gabaryt B","Karton podłużny"
"930","Gabaryt A","Karton wykrojnikowy"
"931","Gabaryt C","Karton z tektury"
"932","Gabaryt B","Pudełko z wiekiem"
"933","Gabaryt A","Karton wykrojnikowy"
"934","Gabaryt B","Karton klapowy"
"935","Gabaryt B","Pudełko fasonowe"
"936","Gabaryt C","Karton z tektury"
"937","Gabaryt C","Karton z tektury"
"938","Gabaryt A","Karton klapowy"
"939","Gabaryt B","Karton klapowy"
"940","Gabaryt B","Folia piankowa"
"941","Gabaryt C","Folia piankowa"
"942","Gabaryt B","Pudełko kartonowe"
"943","Gabaryt B","Pudełko z wiekiem"
"944","Gabaryt B","Pudełko karbowane"
"945","Gabaryt A","Pudełko kartonowe"
"946","Gabaryt B","Karton klapowy"
"947","Gabaryt A","Karton wykrojnikowy"
"948","Gabaryt A","Karton z tektury"
"949","Gabaryt C","Karton sztancowany"
"950","Gabaryt B","Karton teleskopowy"
"951","Gabaryt C","Pudełko fasonowe"
"952","Gabaryt B","Folia piankowa"
"953","Gabaryt C","Pudełko kartonowe"
"954","Gabaryt A","Karton podłużny"
"955","Gabaryt B","Pudełko z wiekiem"
"956","Gabaryt A","Pudełko fasonowe"
"957","Gabaryt A","Pudełko kartonowe"
"958","Gabaryt C","Pudełko kartonowe"
"959","Gabaryt B","Karton z tektury"
"960","Gabaryt B","Karton klapowy"
"961","Gabaryt C","Karton teleskopowy"
"962","Gabaryt B","Karton podłużny"
"963","Gabaryt B","Karton teleskopowy"
"964","Gabaryt B","Karton podłużny"
"965","Gabaryt C","Pudełko karbowane"
"966","Gabaryt B","Pudełko fasonowe"
"967","Gabaryt C","Pudełko kartonowe"
"968","Gabaryt A","Karton klapowy"
"969","Gabaryt A","Pudełko z wiekiem"
"970","Gabaryt C","Karton sztancowany"
"971","Gabaryt C","Karton wykrojnikowy"
"972","Gabaryt A","Karton wykrojnikowy"
"973","Gabaryt A","Pudełko z wiekiem"
"974","Gabaryt A","Folia piankowa"
"975","Gabaryt C","Karton klapowy"
"976","Gabaryt B","Karton sztancowany"
"977","Gabaryt A","Karton podłużny"
"978","Gabaryt C","Folia piankowa"
"979","Gabaryt A","Karton podłużny"
"980","Gabaryt A","Karton wykrojnikowy"
"981","Gabaryt B","Folia piankowa"
"982","Gabaryt C","Karton sztancowany"
"983","Gabaryt C","Karton wykrojnikowy"
"984","Gabaryt B","Karton teleskopowy"
"985","Gabaryt A","Pudełko z wiekiem"
"986","Gabaryt B","Karton wykrojnikowy"
"987","Gabaryt C","Karton podłużny"
"988","Gabaryt B","Karton wykrojnikowy"
"989","Gabaryt C","Karton sztancowany"
"990","Gabaryt B","Pudełko kartonowe"
"991","Gabaryt C","Pudełko fasonowe"
"992","Gabaryt A","Karton z tektury"
"993","Gabaryt B","Pudełko kartonowe"
"994","Gabaryt A","Karton teleskopowy"
"995","Gabaryt C","Karton klapowy"
"996","Gabaryt B","Pudełko z wiekiem"
"997","Gabaryt B","Karton z tektury"
"998","Gabaryt C","Karton teleskopowy"
"999","Gabaryt A","Karton teleskopowy"
"1000","Gabaryt C","Karton podłużny"
