"id","model","brand","vehicleType"
"1","A3","BMW","Kontener"
"2","Q1","Kia","Wywrotka"
"3","Q1","Citroen","Pojazd z planteką"
"4","16i","Dacia","Furgon"
"5","A4","BMW","Wywrotka"
"6","Q3","Citroen","Wywrotka"
"7","DS3","Hyundai","Wywrotka"
"8","A1","Hyundai","Furgon"
"9","Jumper","Dacia","Naczepa"
"10","Q1","Ford","Furgon"
"11","DS3","Audi","Wywrotka"
"12","DS4","Audi","Wywrotka"
"13","Q2","Audi","Pojazd z planteką"
"14","Duster","Citroen","Pojazd z planteką"
"15","DS3","Audi","Furgon"
"16","DS3","BMW","Furgon"
"17","M 140i","Ford","Pojazd z planteką"
"18","A4","Ford","Furgon"
"19","A4","Citroen","Wywrotka"
"20","Nemo","BMW","Pojazd z planteką"
"21","DS4","Kia","Furgon"
"22","X5 Hybrid","Kia","Naczepa"
"23","Logan","Fiat","Wywrotka"
"24","A1","Dacia","Wywrotka"
"25","Q1","Ford","Naczepa"
"26","A4","Kia","Furgon"
"27","Q1","Ford","Furgon"
"28","Q3","Hyundai","Pojazd z planteką"
"29","DS4","Hyundai","Furgon"
"30","330 Coupe","Citroen","Wywrotka"
"31","A2","Ford","Wywrotka"
"32","M 140i","BMW","Furgon"
"33","A1","Dacia","Wywrotka"
"34","318","Ford","Pojazd z planteką"
"35","A4","Dacia","Kontener"
"36","Q1","Dacia","Furgon"
"37","Q3","Citroen","Furgon"
"38","A3","BMW","Kontener"
"39","16i","Hyundai","Naczepa"
"40","A3","Fiat","Naczepa"
"41","A1","Hyundai","Wywrotka"
"42","Berlingo","Kia","Wywrotka"
"43","Nemo","Ford","Pojazd z planteką"
"44","318","Kia","Kontener"
"45","DS3","Kia","Naczepa"
"46","Logan","Dacia","Wywrotka"
"47","M 140i","Citroen","Furgon"
"48","Nemo","Citroen","Pojazd z planteką"
"49","A1","Hyundai","Furgon"
"50","X5 Hybrid","BMW","Pojazd z planteką"
"51","A3","Ford","Naczepa"
"52","318","BMW","Wywrotka"
"53","Jumper","Ford","Furgon"
"54","X5 Hybrid","BMW","Wywrotka"
"55","Nemo","Audi","Furgon"
"56","Nemo","Ford","Furgon"
"57","316i","Audi","Naczepa"
"58","318","Audi","Wywrotka"
"59","M 140i","Dacia","Kontener"
"60","318","Fiat","Pojazd z planteką"
"61","M 140i","Audi","Naczepa"
"62","Jumper","BMW","Naczepa"
"63","Berlingo","Ford","Wywrotka"
"64","330 Coupe","Hyundai","Pojazd z planteką"
"65","Q1","Ford","Furgon"
"66","316i","Audi","Kontener"
"67","316i","Fiat","Pojazd z planteką"
"68","Q2","BMW","Naczepa"
"69","Q3","Citroen","Naczepa"
"70","Q1","Fiat","Kontener"
"71","A4","Hyundai","Naczepa"
"72","Duster","Audi","Pojazd z planteką"
"73","M 140i","Fiat","Pojazd z planteką"
"74","16i","Hyundai","Kontener"
"75","DS4","BMW","Furgon"
"76","A4","Audi","Naczepa"
"77","Duster","Dacia","Pojazd z planteką"
"78","X5 Hybrid","Audi","Furgon"
"79","Nemo","Fiat","Naczepa"
"80","Q1","Fiat","Kontener"
"81","A3","Kia","Pojazd z planteką"
"82","DS3","Hyundai","Naczepa"
"83","Q2","BMW","Wywrotka"
"84","318","Kia","Furgon"
"85","330 Coupe","Dacia","Furgon"
"86","A2","BMW","Pojazd z planteką"
"87","Q1","Ford","Naczepa"
"88","DS4","Ford","Naczepa"
"89","16i","Hyundai","Kontener"
"90","316i","BMW","Furgon"
"91","Logan","Ford","Naczepa"
"92","DS4","Fiat","Naczepa"
"93","Q2","Citroen","Naczepa"
"94","Q1","Citroen","Pojazd z planteką"
"95","Logan","Hyundai","Kontener"
"96","Q1","Kia","Furgon"
"97","M 140i","Citroen","Wywrotka"
"98","M 140i","Citroen","Furgon"
"99","318","BMW","Furgon"
"100","A2","Audi","Naczepa"
"101","Q1","Citroen","Pojazd z planteką"
"102","Q1","Hyundai","Pojazd z planteką"
"103","A3","Citroen","Wywrotka"
"104","Q2","Citroen","Naczepa"
"105","330 Coupe","Dacia","Kontener"
"106","M 140i","Citroen","Pojazd z planteką"
"107","Q3","Fiat","Furgon"
"108","M 140i","Kia","Furgon"
"109","Logan","Dacia","Wywrotka"
"110","16i","Dacia","Naczepa"
"111","A3","Citroen","Furgon"
"112","Duster","Citroen","Naczepa"
"113","318","Hyundai","Wywrotka"
"114","Nemo","BMW","Pojazd z planteką"
"115","A4","Kia","Wywrotka"
"116","Q2","Ford","Wywrotka"
"117","DS4","Audi","Naczepa"
"118","A1","Ford","Furgon"
"119","Logan","Ford","Naczepa"
"120","A2","Dacia","Kontener"
"121","DS3","Citroen","Naczepa"
"122","A3","Dacia","Wywrotka"
"123","A3","Audi","Naczepa"
"124","Berlingo","BMW","Kontener"
"125","Q3","Citroen","Wywrotka"
"126","318","BMW","Furgon"
"127","DS3","BMW","Wywrotka"
"128","Q2","BMW","Pojazd z planteką"
"129","A2","BMW","Wywrotka"
"130","Berlingo","Audi","Pojazd z planteką"
"131","X5 Hybrid","Hyundai","Kontener"
"132","330 Coupe","Audi","Pojazd z planteką"
"133","X5 Hybrid","Audi","Wywrotka"
"134","Q2","Hyundai","Naczepa"
"135","A2","Hyundai","Naczepa"
"136","A4","Ford","Naczepa"
"137","A3","Ford","Kontener"
"138","316i","Citroen","Kontener"
"139","A3","Dacia","Pojazd z planteką"
"140","DS4","BMW","Furgon"
"141","Q1","Audi","Pojazd z planteką"
"142","A1","Dacia","Wywrotka"
"143","A3","Citroen","Pojazd z planteką"
"144","Nemo","Ford","Naczepa"
"145","Q1","Hyundai","Furgon"
"146","Berlingo","Audi","Kontener"
"147","Q1","BMW","Furgon"
"148","Q2","Hyundai","Kontener"
"149","Logan","Hyundai","Pojazd z planteką"
"150","318","Audi","Pojazd z planteką"
"151","Q2","Kia","Pojazd z planteką"
"152","Duster","Ford","Furgon"
"153","316i","Citroen","Pojazd z planteką"
"154","Logan","BMW","Naczepa"
"155","16i","BMW","Furgon"
"156","16i","Ford","Pojazd z planteką"
"157","A1","BMW","Naczepa"
"158","Q1","Audi","Kontener"
"159","Logan","Fiat","Kontener"
"160","A1","Audi","Kontener"
"161","Jumper","Kia","Wywrotka"
"162","Logan","Hyundai","Naczepa"
"163","M 140i","Fiat","Naczepa"
"164","Logan","Citroen","Wywrotka"
"165","A2","Ford","Naczepa"
"166","330 Coupe","BMW","Wywrotka"
"167","316i","Citroen","Kontener"
"168","Jumper","Fiat","Furgon"
"169","Logan","Dacia","Furgon"
"170","A2","Hyundai","Wywrotka"
"171","Berlingo","Citroen","Kontener"
"172","318","Audi","Furgon"
"173","Q3","Dacia","Furgon"
"174","318","Fiat","Naczepa"
"175","DS3","Citroen","Wywrotka"
"176","X5 Hybrid","Fiat","Kontener"
"177","Q1","Audi","Pojazd z planteką"
"178","Q1","Fiat","Pojazd z planteką"
"179","Q2","Kia","Wywrotka"
"180","Q1","Kia","Naczepa"
"181","Duster","Fiat","Kontener"
"182","Nemo","Kia","Naczepa"
"183","Q2","Dacia","Pojazd z planteką"
"184","Berlingo","Fiat","Kontener"
"185","M 140i","Dacia","Pojazd z planteką"
"186","Berlingo","Ford","Naczepa"
"187","A4","Dacia","Pojazd z planteką"
"188","Q1","Fiat","Furgon"
"189","16i","BMW","Wywrotka"
"190","X5 Hybrid","BMW","Furgon"
"191","A3","Kia","Pojazd z planteką"
"192","Logan","Fiat","Kontener"
"193","Berlingo","Citroen","Pojazd z planteką"
"194","A2","BMW","Wywrotka"
"195","Q1","Dacia","Kontener"
"196","A4","Ford","Naczepa"
"197","X5 Hybrid","Hyundai","Pojazd z planteką"
"198","318","Dacia","Kontener"
"199","DS4","Dacia","Naczepa"
"200","Q3","Audi","Naczepa"
"201","Logan","Audi","Furgon"
"202","330 Coupe","Citroen","Pojazd z planteką"
"203","Q1","Audi","Wywrotka"
"204","Q2","BMW","Kontener"
"205","M 140i","BMW","Pojazd z planteką"
"206","A1","Hyundai","Pojazd z planteką"
"207","Logan","Citroen","Wywrotka"
"208","Q2","Citroen","Furgon"
"209","DS4","Hyundai","Furgon"
"210","16i","Citroen","Wywrotka"
"211","316i","Fiat","Wywrotka"
"212","318","BMW","Pojazd z planteką"
"213","A1","Dacia","Naczepa"
"214","Logan","Audi","Kontener"
"215","318","Kia","Furgon"
"216","DS4","BMW","Naczepa"
"217","Q1","Hyundai","Naczepa"
"218","X5 Hybrid","Citroen","Pojazd z planteką"
"219","Logan","Hyundai","Pojazd z planteką"
"220","A1","Dacia","Naczepa"
"221","M 140i","Audi","Naczepa"
"222","330 Coupe","Kia","Wywrotka"
"223","DS3","Kia","Furgon"
"224","318","Hyundai","Wywrotka"
"225","Logan","Hyundai","Furgon"
"226","A2","Fiat","Kontener"
"227","16i","Citroen","Kontener"
"228","Q1","Fiat","Naczepa"
"229","A1","Citroen","Furgon"
"230","Q3","BMW","Wywrotka"
"231","16i","Citroen","Pojazd z planteką"
"232","316i","Citroen","Kontener"
"233","A1","BMW","Furgon"
"234","M 140i","Kia","Pojazd z planteką"
"235","318","Ford","Kontener"
"236","A1","Citroen","Wywrotka"
"237","318","Citroen","Pojazd z planteką"
"238","330 Coupe","Fiat","Naczepa"
"239","330 Coupe","Citroen","Kontener"
"240","A1","Audi","Naczepa"
"241","Duster","Citroen","Pojazd z planteką"
"242","DS4","BMW","Kontener"
"243","Jumper","BMW","Wywrotka"
"244","Jumper","Dacia","Kontener"
"245","DS3","Hyundai","Pojazd z planteką"
"246","A1","Hyundai","Kontener"
"247","Q3","Citroen","Naczepa"
"248","A2","Ford","Kontener"
"249","A3","BMW","Furgon"
"250","Q3","Ford","Naczepa"
"251","DS4","Dacia","Naczepa"
"252","X5 Hybrid","Fiat","Furgon"
"253","A1","Kia","Kontener"
"254","Jumper","Ford","Pojazd z planteką"
"255","A1","Citroen","Naczepa"
"256","Berlingo","Kia","Naczepa"
"257","318","Ford","Naczepa"
"258","Berlingo","Dacia","Naczepa"
"259","318","Audi","Wywrotka"
"260","330 Coupe","BMW","Wywrotka"
"261","A3","BMW","Kontener"
"262","Duster","Dacia","Pojazd z planteką"
"263","A4","Dacia","Pojazd z planteką"
"264","DS4","BMW","Wywrotka"
"265","A1","Audi","Kontener"
"266","Logan","Audi","Naczepa"
"267","Q2","Citroen","Kontener"
"268","A2","Fiat","Pojazd z planteką"
"269","316i","Ford","Furgon"
"270","318","Kia","Pojazd z planteką"
"271","Logan","BMW","Kontener"
"272","A1","Ford","Furgon"
"273","Q1","BMW","Furgon"
"274","DS4","Kia","Wywrotka"
"275","DS4","Hyundai","Pojazd z planteką"
"276","A3","Kia","Kontener"
"277","Duster","Fiat","Kontener"
"278","318","Ford","Naczepa"
"279","X5 Hybrid","Ford","Pojazd z planteką"
"280","DS3","Citroen","Kontener"
"281","DS3","Hyundai","Furgon"
"282","X5 Hybrid","Kia","Kontener"
"283","X5 Hybrid","Ford","Naczepa"
"284","Q1","Audi","Furgon"
"285","M 140i","Citroen","Furgon"
"286","Q2","Citroen","Naczepa"
"287","Berlingo","Citroen","Kontener"
"288","330 Coupe","BMW","Kontener"
"289","X5 Hybrid","Kia","Kontener"
"290","A1","Hyundai","Wywrotka"
"291","Duster","Audi","Wywrotka"
"292","16i","Kia","Pojazd z planteką"
"293","Q2","Citroen","Furgon"
"294","M 140i","Hyundai","Furgon"
"295","A4","Kia","Furgon"
"296","318","Dacia","Wywrotka"
"297","Nemo","Citroen","Naczepa"
"298","Jumper","Audi","Kontener"
"299","Logan","Ford","Furgon"
"300","Q1","Dacia","Naczepa"
"301","Duster","Dacia","Kontener"
"302","16i","Hyundai","Pojazd z planteką"
"303","M 140i","Fiat","Wywrotka"
"304","330 Coupe","Hyundai","Naczepa"
"305","Jumper","Citroen","Wywrotka"
"306","330 Coupe","Fiat","Naczepa"
"307","A1","BMW","Naczepa"
"308","A1","Fiat","Pojazd z planteką"
"309","Nemo","Audi","Pojazd z planteką"
"310","Berlingo","Audi","Pojazd z planteką"
"311","X5 Hybrid","Hyundai","Kontener"
"312","Logan","Audi","Naczepa"
"313","DS4","Citroen","Wywrotka"
"314","Q3","Kia","Pojazd z planteką"
"315","DS4","Dacia","Pojazd z planteką"
"316","DS4","Audi","Kontener"
"317","A4","Kia","Furgon"
"318","316i","Audi","Furgon"
"319","Logan","Hyundai","Furgon"
"320","16i","Kia","Wywrotka"
"321","A4","Kia","Naczepa"
"322","Berlingo","Fiat","Wywrotka"
"323","Duster","Dacia","Wywrotka"
"324","M 140i","Fiat","Naczepa"
"325","Q3","Ford","Furgon"
"326","318","Kia","Furgon"
"327","A4","Hyundai","Furgon"
"328","Duster","Dacia","Kontener"
"329","A4","Citroen","Naczepa"
"330","A4","Dacia","Wywrotka"
"331","Q1","Dacia","Furgon"
"332","X5 Hybrid","Citroen","Naczepa"
"333","318","Kia","Kontener"
"334","X5 Hybrid","Hyundai","Naczepa"
"335","Q1","Citroen","Naczepa"
"336","A4","Fiat","Wywrotka"
"337","Q1","Ford","Furgon"
"338","16i","Citroen","Wywrotka"
"339","A3","Kia","Pojazd z planteką"
"340","Jumper","Audi","Pojazd z planteką"
"341","Logan","Kia","Wywrotka"
"342","316i","Kia","Wywrotka"
"343","318","Hyundai","Wywrotka"
"344","DS3","Ford","Furgon"
"345","M 140i","Fiat","Furgon"
"346","A1","Ford","Naczepa"
"347","Q1","Ford","Kontener"
"348","Duster","Citroen","Pojazd z planteką"
"349","16i","Hyundai","Wywrotka"
"350","Logan","Fiat","Pojazd z planteką"
"351","Jumper","Ford","Furgon"
"352","318","Audi","Pojazd z planteką"
"353","318","Citroen","Furgon"
"354","Q1","Fiat","Wywrotka"
"355","Berlingo","Dacia","Wywrotka"
"356","Duster","Hyundai","Wywrotka"
"357","330 Coupe","Audi","Kontener"
"358","DS3","Citroen","Pojazd z planteką"
"359","DS3","Ford","Furgon"
"360","A1","Ford","Furgon"
"361","A2","Hyundai","Furgon"
"362","Duster","Dacia","Furgon"
"363","Berlingo","BMW","Furgon"
"364","Q1","Hyundai","Pojazd z planteką"
"365","Q2","Fiat","Pojazd z planteką"
"366","A1","Dacia","Naczepa"
"367","DS3","Hyundai","Naczepa"
"368","A4","Hyundai","Wywrotka"
"369","DS4","Ford","Kontener"
"370","Logan","Ford","Wywrotka"
"371","Duster","Ford","Furgon"
"372","DS3","Citroen","Wywrotka"
"373","Jumper","Fiat","Kontener"
"374","316i","Dacia","Kontener"
"375","M 140i","Citroen","Pojazd z planteką"
"376","Q1","Ford","Furgon"
"377","Q3","Citroen","Furgon"
"378","Berlingo","BMW","Naczepa"
"379","Berlingo","Citroen","Furgon"
"380","Logan","BMW","Wywrotka"
"381","Logan","BMW","Naczepa"
"382","330 Coupe","Ford","Kontener"
"383","Nemo","BMW","Kontener"
"384","Q1","Hyundai","Naczepa"
"385","Jumper","Dacia","Wywrotka"
"386","Q2","BMW","Naczepa"
"387","X5 Hybrid","Hyundai","Wywrotka"
"388","Nemo","BMW","Furgon"
"389","330 Coupe","BMW","Kontener"
"390","318","Audi","Kontener"
"391","A3","Hyundai","Wywrotka"
"392","Duster","Kia","Wywrotka"
"393","A3","Kia","Wywrotka"
"394","A4","BMW","Naczepa"
"395","Berlingo","Ford","Pojazd z planteką"
"396","Nemo","Audi","Furgon"
"397","Q1","Citroen","Naczepa"
"398","318","Fiat","Kontener"
"399","Q1","Citroen","Naczepa"
"400","A2","Hyundai","Kontener"
"401","DS4","Fiat","Pojazd z planteką"
"402","Berlingo","Fiat","Naczepa"
"403","Q2","BMW","Wywrotka"
"404","Q2","Hyundai","Pojazd z planteką"
"405","Q1","BMW","Naczepa"
"406","A3","Ford","Wywrotka"
"407","Berlingo","Dacia","Furgon"
"408","DS3","Citroen","Wywrotka"
"409","Logan","Dacia","Pojazd z planteką"
"410","Nemo","Ford","Wywrotka"
"411","Duster","Fiat","Naczepa"
"412","Duster","Dacia","Pojazd z planteką"
"413","A3","Hyundai","Pojazd z planteką"
"414","A2","Citroen","Pojazd z planteką"
"415","Q1","Fiat","Wywrotka"
"416","316i","Kia","Kontener"
"417","M 140i","Citroen","Wywrotka"
"418","Logan","Hyundai","Pojazd z planteką"
"419","Logan","Ford","Pojazd z planteką"
"420","A1","BMW","Kontener"
"421","316i","BMW","Naczepa"
"422","316i","Kia","Pojazd z planteką"
"423","Jumper","Citroen","Naczepa"
"424","Logan","Hyundai","Wywrotka"
"425","Berlingo","Audi","Kontener"
"426","Jumper","BMW","Kontener"
"427","Q1","Citroen","Wywrotka"
"428","Q3","Fiat","Naczepa"
"429","Berlingo","Citroen","Wywrotka"
"430","316i","Dacia","Pojazd z planteką"
"431","A3","Audi","Kontener"
"432","16i","Citroen","Furgon"
"433","Duster","Citroen","Wywrotka"
"434","16i","Audi","Naczepa"
"435","A1","Kia","Wywrotka"
"436","330 Coupe","Audi","Wywrotka"
"437","Q1","Citroen","Pojazd z planteką"
"438","Q1","Dacia","Kontener"
"439","Q2","Citroen","Naczepa"
"440","318","Citroen","Naczepa"
"441","DS4","Fiat","Kontener"
"442","A2","Ford","Naczepa"
"443","A1","BMW","Naczepa"
"444","Duster","Audi","Kontener"
"445","DS4","Dacia","Wywrotka"
"446","Q3","Hyundai","Pojazd z planteką"
"447","DS3","Hyundai","Furgon"
"448","Q2","Dacia","Wywrotka"
"449","Jumper","Citroen","Pojazd z planteką"
"450","Jumper","Ford","Furgon"
"451","DS4","Audi","Wywrotka"
"452","318","Hyundai","Naczepa"
"453","A4","BMW","Pojazd z planteką"
"454","A1","BMW","Kontener"
"455","Q1","Ford","Naczepa"
"456","318","Citroen","Furgon"
"457","Berlingo","BMW","Pojazd z planteką"
"458","16i","Dacia","Furgon"
"459","Q1","Fiat","Pojazd z planteką"
"460","X5 Hybrid","Dacia","Wywrotka"
"461","DS4","Hyundai","Naczepa"
"462","Logan","Dacia","Naczepa"
"463","A2","Hyundai","Kontener"
"464","Q1","Hyundai","Wywrotka"
"465","Q2","Ford","Pojazd z planteką"
"466","330 Coupe","Hyundai","Wywrotka"
"467","DS4","Kia","Wywrotka"
"468","DS3","Citroen","Wywrotka"
"469","318","Dacia","Kontener"
"470","Berlingo","Citroen","Furgon"
"471","316i","Kia","Pojazd z planteką"
"472","318","Ford","Wywrotka"
"473","Jumper","Ford","Naczepa"
"474","DS3","Audi","Naczepa"
"475","316i","Kia","Naczepa"
"476","330 Coupe","Audi","Pojazd z planteką"
"477","A1","Audi","Wywrotka"
"478","DS4","Hyundai","Wywrotka"
"479","Q2","Hyundai","Wywrotka"
"480","330 Coupe","Hyundai","Wywrotka"
"481","Logan","Citroen","Wywrotka"
"482","Q1","Dacia","Pojazd z planteką"
"483","316i","Audi","Furgon"
"484","318","Ford","Wywrotka"
"485","Q1","Kia","Wywrotka"
"486","Q2","Dacia","Wywrotka"
"487","DS3","Hyundai","Naczepa"
"488","316i","Ford","Pojazd z planteką"
"489","A4","Dacia","Wywrotka"
"490","A4","Kia","Kontener"
"491","Q1","Citroen","Kontener"
"492","Q1","Hyundai","Pojazd z planteką"
"493","Duster","BMW","Naczepa"
"494","Duster","Fiat","Naczepa"
"495","Jumper","Citroen","Kontener"
"496","Q3","Kia","Kontener"
"497","Logan","Dacia","Pojazd z planteką"
"498","DS3","Audi","Kontener"
"499","DS3","Hyundai","Kontener"
"500","Q3","Fiat","Naczepa"
"501","330 Coupe","Ford","Pojazd z planteką"
"502","M 140i","Kia","Naczepa"
"503","Nemo","Citroen","Wywrotka"
"504","330 Coupe","Ford","Wywrotka"
"505","Logan","Hyundai","Naczepa"
"506","Q3","Audi","Kontener"
"507","DS3","Citroen","Furgon"
"508","Q3","BMW","Wywrotka"
"509","A1","Dacia","Wywrotka"
"510","Q1","Fiat","Naczepa"
"511","Nemo","Ford","Wywrotka"
"512","Q3","Dacia","Kontener"
"513","DS4","Kia","Naczepa"
"514","X5 Hybrid","Hyundai","Kontener"
"515","DS4","Fiat","Naczepa"
"516","Jumper","BMW","Pojazd z planteką"
"517","M 140i","BMW","Pojazd z planteką"
"518","330 Coupe","Citroen","Kontener"
"519","A4","Hyundai","Naczepa"
"520","318","Hyundai","Wywrotka"
"521","DS4","Ford","Naczepa"
"522","330 Coupe","Citroen","Furgon"
"523","Q2","Ford","Kontener"
"524","Duster","Fiat","Wywrotka"
"525","Logan","Ford","Wywrotka"
"526","X5 Hybrid","Fiat","Kontener"
"527","Nemo","Kia","Kontener"
"528","Q1","Ford","Wywrotka"
"529","Q1","Ford","Kontener"
"530","16i","Audi","Kontener"
"531","Q2","Dacia","Wywrotka"
"532","Logan","Ford","Furgon"
"533","Nemo","Citroen","Naczepa"
"534","Nemo","Ford","Pojazd z planteką"
"535","A1","Hyundai","Pojazd z planteką"
"536","318","Fiat","Kontener"
"537","A3","BMW","Wywrotka"
"538","X5 Hybrid","Dacia","Furgon"
"539","Q1","Hyundai","Pojazd z planteką"
"540","A3","BMW","Pojazd z planteką"
"541","Berlingo","Fiat","Naczepa"
"542","Q1","Kia","Furgon"
"543","316i","Ford","Furgon"
"544","M 140i","Fiat","Naczepa"
"545","Berlingo","Audi","Furgon"
"546","X5 Hybrid","Kia","Furgon"
"547","A1","Citroen","Naczepa"
"548","Nemo","Audi","Furgon"
"549","A1","BMW","Kontener"
"550","DS3","BMW","Pojazd z planteką"
"551","A4","Dacia","Naczepa"
"552","A2","Audi","Pojazd z planteką"
"553","Q2","Hyundai","Furgon"
"554","Jumper","Fiat","Pojazd z planteką"
"555","330 Coupe","BMW","Kontener"
"556","Logan","Ford","Naczepa"
"557","A4","Fiat","Naczepa"
"558","A3","Kia","Naczepa"
"559","316i","BMW","Pojazd z planteką"
"560","A4","BMW","Wywrotka"
"561","A4","Dacia","Kontener"
"562","330 Coupe","BMW","Wywrotka"
"563","16i","Audi","Naczepa"
"564","Nemo","Ford","Furgon"
"565","X5 Hybrid","Hyundai","Furgon"
"566","Q2","Citroen","Wywrotka"
"567","DS4","Dacia","Wywrotka"
"568","Berlingo","Audi","Pojazd z planteką"
"569","316i","Hyundai","Pojazd z planteką"
"570","Q3","Audi","Naczepa"
"571","A2","Fiat","Naczepa"
"572","318","Hyundai","Kontener"
"573","A4","Audi","Wywrotka"
"574","A4","Hyundai","Furgon"
"575","A3","Citroen","Pojazd z planteką"
"576","X5 Hybrid","Dacia","Kontener"
"577","16i","Hyundai","Kontener"
"578","X5 Hybrid","Kia","Naczepa"
"579","318","BMW","Pojazd z planteką"
"580","316i","Hyundai","Naczepa"
"581","Berlingo","Ford","Naczepa"
"582","316i","BMW","Wywrotka"
"583","Logan","Hyundai","Pojazd z planteką"
"584","Berlingo","Kia","Wywrotka"
"585","316i","Kia","Wywrotka"
"586","Q3","Fiat","Wywrotka"
"587","316i","BMW","Pojazd z planteką"
"588","A3","Fiat","Naczepa"
"589","16i","Audi","Wywrotka"
"590","Jumper","Ford","Kontener"
"591","Berlingo","Kia","Furgon"
"592","DS4","Fiat","Pojazd z planteką"
"593","X5 Hybrid","Audi","Kontener"
"594","316i","Hyundai","Naczepa"
"595","Q3","Citroen","Pojazd z planteką"
"596","DS3","Dacia","Furgon"
"597","Q3","Ford","Pojazd z planteką"
"598","A3","Dacia","Pojazd z planteką"
"599","A2","Kia","Furgon"
"600","DS3","Dacia","Kontener"
"601","X5 Hybrid","Kia","Furgon"
"602","DS4","Citroen","Wywrotka"
"603","Logan","Kia","Kontener"
"604","Berlingo","Citroen","Pojazd z planteką"
"605","Q1","Kia","Naczepa"
"606","316i","Fiat","Pojazd z planteką"
"607","X5 Hybrid","Audi","Kontener"
"608","Berlingo","Audi","Wywrotka"
"609","330 Coupe","Ford","Wywrotka"
"610","M 140i","Hyundai","Naczepa"
"611","DS4","Audi","Furgon"
"612","318","Hyundai","Pojazd z planteką"
"613","M 140i","Ford","Kontener"
"614","Q1","Audi","Kontener"
"615","DS3","BMW","Pojazd z planteką"
"616","A2","Kia","Wywrotka"
"617","16i","Hyundai","Pojazd z planteką"
"618","Nemo","Dacia","Kontener"
"619","Nemo","Audi","Pojazd z planteką"
"620","A1","BMW","Pojazd z planteką"
"621","316i","Citroen","Naczepa"
"622","316i","Ford","Furgon"
"623","316i","Hyundai","Kontener"
"624","DS4","Citroen","Wywrotka"
"625","Duster","BMW","Pojazd z planteką"
"626","16i","Citroen","Furgon"
"627","Logan","BMW","Wywrotka"
"628","Jumper","Fiat","Naczepa"
"629","Q3","Kia","Pojazd z planteką"
"630","DS4","Audi","Kontener"
"631","DS4","Citroen","Pojazd z planteką"
"632","X5 Hybrid","Dacia","Pojazd z planteką"
"633","X5 Hybrid","Dacia","Naczepa"
"634","Q3","Citroen","Wywrotka"
"635","16i","Dacia","Wywrotka"
"636","Q1","Ford","Wywrotka"
"637","316i","Citroen","Kontener"
"638","Q2","Audi","Kontener"
"639","A4","Ford","Naczepa"
"640","Q2","Citroen","Pojazd z planteką"
"641","Q2","BMW","Kontener"
"642","330 Coupe","Dacia","Naczepa"
"643","A1","Kia","Kontener"
"644","DS3","Ford","Naczepa"
"645","Berlingo","BMW","Kontener"
"646","A3","Audi","Pojazd z planteką"
"647","X5 Hybrid","Dacia","Furgon"
"648","Logan","Ford","Naczepa"
"649","Jumper","BMW","Naczepa"
"650","330 Coupe","Citroen","Kontener"
"651","A1","BMW","Furgon"
"652","Berlingo","Dacia","Wywrotka"
"653","A2","Fiat","Pojazd z planteką"
"654","A4","Audi","Furgon"
"655","X5 Hybrid","BMW","Wywrotka"
"656","DS4","Ford","Naczepa"
"657","330 Coupe","Fiat","Wywrotka"
"658","16i","Kia","Wywrotka"
"659","16i","Hyundai","Wywrotka"
"660","Berlingo","Audi","Wywrotka"
"661","A2","BMW","Pojazd z planteką"
"662","Berlingo","Kia","Kontener"
"663","316i","Ford","Naczepa"
"664","Q1","Dacia","Furgon"
"665","Jumper","Fiat","Pojazd z planteką"
"666","M 140i","Fiat","Pojazd z planteką"
"667","316i","Citroen","Furgon"
"668","Q1","Ford","Wywrotka"
"669","A3","Kia","Wywrotka"
"670","316i","Fiat","Pojazd z planteką"
"671","Q3","Audi","Furgon"
"672","Q3","Kia","Naczepa"
"673","Q2","Dacia","Pojazd z planteką"
"674","16i","BMW","Furgon"
"675","16i","Audi","Pojazd z planteką"
"676","A1","Ford","Wywrotka"
"677","Q1","Ford","Wywrotka"
"678","Q2","Ford","Kontener"
"679","M 140i","Audi","Kontener"
"680","Logan","Audi","Naczepa"
"681","Logan","Fiat","Wywrotka"
"682","330 Coupe","Citroen","Pojazd z planteką"
"683","Q3","Hyundai","Wywrotka"
"684","A4","Hyundai","Kontener"
"685","DS3","Citroen","Pojazd z planteką"
"686","DS3","Hyundai","Kontener"
"687","Logan","Ford","Furgon"
"688","X5 Hybrid","Fiat","Wywrotka"
"689","Duster","Citroen","Naczepa"
"690","Q3","Citroen","Wywrotka"
"691","Q2","Ford","Pojazd z planteką"
"692","A3","Audi","Wywrotka"
"693","318","Hyundai","Wywrotka"
"694","Jumper","Kia","Wywrotka"
"695","Q3","Citroen","Wywrotka"
"696","318","BMW","Kontener"
"697","16i","BMW","Furgon"
"698","DS3","Dacia","Wywrotka"
"699","Berlingo","Ford","Kontener"
"700","Q2","Fiat","Furgon"
"701","Duster","Audi","Naczepa"
"702","Berlingo","Ford","Furgon"
"703","Jumper","Hyundai","Kontener"
"704","Q2","Kia","Wywrotka"
"705","318","Audi","Pojazd z planteką"
"706","Berlingo","Kia","Kontener"
"707","X5 Hybrid","BMW","Furgon"
"708","Duster","Citroen","Furgon"
"709","Q3","BMW","Wywrotka"
"710","A1","BMW","Furgon"
"711","318","Fiat","Kontener"
"712","Nemo","Citroen","Kontener"
"713","Q1","Dacia","Pojazd z planteką"
"714","Q1","Ford","Pojazd z planteką"
"715","Jumper","Ford","Naczepa"
"716","Jumper","BMW","Wywrotka"
"717","DS3","Citroen","Naczepa"
"718","DS4","Ford","Naczepa"
"719","Q1","Audi","Naczepa"
"720","DS3","Dacia","Pojazd z planteką"
"721","A3","Fiat","Naczepa"
"722","Logan","Hyundai","Wywrotka"
"723","Q1","Dacia","Naczepa"
"724","318","Fiat","Naczepa"
"725","X5 Hybrid","BMW","Wywrotka"
"726","A1","Kia","Kontener"
"727","Berlingo","Dacia","Furgon"
"728","316i","Ford","Pojazd z planteką"
"729","Duster","Kia","Kontener"
"730","Berlingo","Fiat","Furgon"
"731","Berlingo","BMW","Furgon"
"732","Q3","Ford","Wywrotka"
"733","16i","Dacia","Kontener"
"734","A2","Fiat","Naczepa"
"735","Jumper","Ford","Wywrotka"
"736","Q3","Hyundai","Kontener"
"737","Q2","BMW","Kontener"
"738","Nemo","Audi","Furgon"
"739","Q1","Dacia","Kontener"
"740","330 Coupe","Kia","Wywrotka"
"741","A2","Citroen","Kontener"
"742","A2","Citroen","Pojazd z planteką"
"743","A4","Fiat","Kontener"
"744","Nemo","Audi","Naczepa"
"745","330 Coupe","Dacia","Wywrotka"
"746","A2","Audi","Wywrotka"
"747","DS4","Hyundai","Wywrotka"
"748","A2","Audi","Furgon"
"749","316i","Audi","Furgon"
"750","16i","Citroen","Pojazd z planteką"
"751","A3","BMW","Pojazd z planteką"
"752","Logan","Citroen","Naczepa"
"753","Q2","Fiat","Naczepa"
"754","X5 Hybrid","Ford","Furgon"
"755","Berlingo","Citroen","Kontener"
"756","Logan","Hyundai","Pojazd z planteką"
"757","DS3","Ford","Naczepa"
"758","Q3","Ford","Naczepa"
"759","Nemo","Ford","Naczepa"
"760","316i","Hyundai","Kontener"
"761","M 140i","Ford","Wywrotka"
"762","316i","Dacia","Naczepa"
"763","A1","BMW","Naczepa"
"764","16i","Hyundai","Naczepa"
"765","DS3","Fiat","Pojazd z planteką"
"766","330 Coupe","Kia","Pojazd z planteką"
"767","Jumper","Hyundai","Naczepa"
"768","X5 Hybrid","Hyundai","Furgon"
"769","Jumper","Citroen","Wywrotka"
"770","A2","Hyundai","Wywrotka"
"771","Jumper","Fiat","Pojazd z planteką"
"772","M 140i","Audi","Wywrotka"
"773","Logan","Hyundai","Naczepa"
"774","DS4","Audi","Wywrotka"
"775","Q2","Kia","Pojazd z planteką"
"776","318","Fiat","Furgon"
"777","Jumper","Audi","Wywrotka"
"778","Logan","Ford","Kontener"
"779","Jumper","Dacia","Naczepa"
"780","DS4","Dacia","Pojazd z planteką"
"781","DS3","Kia","Wywrotka"
"782","DS3","Kia","Furgon"
"783","A2","Hyundai","Naczepa"
"784","16i","Ford","Kontener"
"785","318","Fiat","Wywrotka"
"786","A1","Ford","Kontener"
"787","330 Coupe","BMW","Naczepa"
"788","316i","Kia","Pojazd z planteką"
"789","318","Hyundai","Furgon"
"790","Q3","BMW","Wywrotka"
"791","A3","Kia","Furgon"
"792","M 140i","Kia","Pojazd z planteką"
"793","Q1","Fiat","Pojazd z planteką"
"794","A1","Dacia","Pojazd z planteką"
"795","Q3","Kia","Pojazd z planteką"
"796","316i","Kia","Naczepa"
"797","16i","Fiat","Wywrotka"
"798","330 Coupe","Audi","Wywrotka"
"799","330 Coupe","Audi","Wywrotka"
"800","Q1","Kia","Furgon"
"801","M 140i","Hyundai","Furgon"
"802","316i","Hyundai","Naczepa"
"803","DS4","BMW","Kontener"
"804","Logan","Ford","Kontener"
"805","316i","Citroen","Furgon"
"806","Berlingo","Ford","Wywrotka"
"807","M 140i","Citroen","Pojazd z planteką"
"808","DS4","Fiat","Furgon"
"809","A3","Ford","Kontener"
"810","DS3","Citroen","Kontener"
"811","330 Coupe","BMW","Wywrotka"
"812","A4","Hyundai","Pojazd z planteką"
"813","Logan","Dacia","Wywrotka"
"814","A1","Dacia","Naczepa"
"815","316i","Ford","Naczepa"
"816","330 Coupe","Dacia","Wywrotka"
"817","Q1","Kia","Furgon"
"818","Q2","Kia","Furgon"
"819","Duster","Dacia","Pojazd z planteką"
"820","Berlingo","Dacia","Wywrotka"
"821","Jumper","Hyundai","Naczepa"
"822","Duster","Ford","Furgon"
"823","Q2","Audi","Pojazd z planteką"
"824","318","Audi","Kontener"
"825","X5 Hybrid","Citroen","Furgon"
"826","Q2","Ford","Wywrotka"
"827","Q2","Fiat","Pojazd z planteką"
"828","A3","Ford","Wywrotka"
"829","Duster","Ford","Kontener"
"830","A4","Citroen","Furgon"
"831","16i","Citroen","Furgon"
"832","Q3","Citroen","Pojazd z planteką"
"833","X5 Hybrid","Citroen","Pojazd z planteką"
"834","Q1","Ford","Furgon"
"835","Berlingo","Citroen","Furgon"
"836","Jumper","BMW","Naczepa"
"837","Logan","Kia","Wywrotka"
"838","A4","Ford","Wywrotka"
"839","A4","Audi","Kontener"
"840","X5 Hybrid","Citroen","Pojazd z planteką"
"841","Q1","Dacia","Pojazd z planteką"
"842","A3","Hyundai","Wywrotka"
"843","A4","Kia","Wywrotka"
"844","A3","Fiat","Pojazd z planteką"
"845","Q2","Dacia","Wywrotka"
"846","Q3","Hyundai","Naczepa"
"847","Duster","Fiat","Kontener"
"848","DS4","Kia","Kontener"
"849","Duster","Dacia","Naczepa"
"850","Q3","Hyundai","Pojazd z planteką"
"851","Logan","Hyundai","Naczepa"
"852","A2","BMW","Pojazd z planteką"
"853","X5 Hybrid","Fiat","Pojazd z planteką"
"854","Berlingo","Audi","Kontener"
"855","316i","Citroen","Kontener"
"856","330 Coupe","Kia","Kontener"
"857","Jumper","Fiat","Naczepa"
"858","M 140i","Citroen","Naczepa"
"859","Logan","Citroen","Furgon"
"860","Jumper","Hyundai","Wywrotka"
"861","A4","Audi","Pojazd z planteką"
"862","A1","Citroen","Kontener"
"863","M 140i","Dacia","Wywrotka"
"864","318","Hyundai","Kontener"
"865","330 Coupe","Citroen","Kontener"
"866","Logan","Audi","Furgon"
"867","A1","BMW","Pojazd z planteką"
"868","A1","Ford","Naczepa"
"869","Q1","Kia","Kontener"
"870","A2","Citroen","Naczepa"
"871","Duster","Dacia","Kontener"
"872","Q1","Hyundai","Pojazd z planteką"
"873","318","Dacia","Furgon"
"874","Jumper","Dacia","Furgon"
"875","Q1","BMW","Kontener"
"876","A3","Fiat","Naczepa"
"877","Nemo","Hyundai","Kontener"
"878","16i","Hyundai","Kontener"
"879","Duster","Audi","Kontener"
"880","316i","Ford","Naczepa"
"881","330 Coupe","Hyundai","Naczepa"
"882","Jumper","Citroen","Naczepa"
"883","DS4","Citroen","Wywrotka"
"884","316i","Kia","Naczepa"
"885","A2","BMW","Furgon"
"886","330 Coupe","Ford","Wywrotka"
"887","A1","Ford","Furgon"
"888","16i","Fiat","Kontener"
"889","DS3","Dacia","Kontener"
"890","316i","BMW","Pojazd z planteką"
"891","Q1","Hyundai","Kontener"
"892","X5 Hybrid","Fiat","Kontener"
"893","A2","Dacia","Wywrotka"
"894","Berlingo","Audi","Naczepa"
"895","Logan","BMW","Pojazd z planteką"
"896","A4","Citroen","Pojazd z planteką"
"897","Nemo","Audi","Wywrotka"
"898","X5 Hybrid","Citroen","Furgon"
"899","DS4","Dacia","Kontener"
"900","318","Audi","Pojazd z planteką"
"901","Nemo","Hyundai","Furgon"
"902","Q1","Hyundai","Naczepa"
"903","DS4","Dacia","Naczepa"
"904","A3","BMW","Naczepa"
"905","Jumper","Dacia","Kontener"
"906","318","Audi","Wywrotka"
"907","Berlingo","Hyundai","Naczepa"
"908","16i","BMW","Wywrotka"
"909","A4","Citroen","Pojazd z planteką"
"910","M 140i","Fiat","Kontener"
"911","16i","Audi","Wywrotka"
"912","M 140i","Kia","Naczepa"
"913","16i","Hyundai","Furgon"
"914","A2","Dacia","Furgon"
"915","A1","Kia","Furgon"
"916","M 140i","Citroen","Wywrotka"
"917","Duster","Kia","Pojazd z planteką"
"918","Q2","Fiat","Wywrotka"
"919","A4","Fiat","Kontener"
"920","Jumper","Ford","Pojazd z planteką"
"921","M 140i","Citroen","Pojazd z planteką"
"922","330 Coupe","Citroen","Naczepa"
"923","A2","Audi","Kontener"
"924","M 140i","Audi","Furgon"
"925","DS4","Kia","Wywrotka"
"926","316i","Fiat","Wywrotka"
"927","A2","Fiat","Furgon"
"928","Logan","Dacia","Wywrotka"
"929","DS3","Kia","Naczepa"
"930","Logan","Fiat","Pojazd z planteką"
"931","DS4","Citroen","Kontener"
"932","DS3","Audi","Kontener"
"933","Jumper","Citroen","Kontener"
"934","DS4","Audi","Furgon"
"935","Q1","Fiat","Kontener"
"936","A2","Hyundai","Wywrotka"
"937","A2","Dacia","Furgon"
"938","A2","BMW","Furgon"
"939","X5 Hybrid","Citroen","Kontener"
"940","Q1","Dacia","Furgon"
"941","Q2","Audi","Wywrotka"
"942","A4","Kia","Kontener"
"943","Duster","Ford","Furgon"
"944","16i","BMW","Furgon"
"945","Q2","Hyundai","Furgon"
"946","Logan","Hyundai","Furgon"
"947","330 Coupe","Hyundai","Naczepa"
"948","Nemo","Dacia","Furgon"
"949","M 140i","Dacia","Kontener"
"950","Berlingo","Dacia","Kontener"
"951","A3","Dacia","Wywrotka"
"952","A3","Ford","Furgon"
"953","A3","Audi","Wywrotka"
"954","Nemo","Dacia","Furgon"
"955","DS3","Hyundai","Naczepa"
"956","Berlingo","Ford","Furgon"
"957","M 140i","Dacia","Furgon"
"958","A4","BMW","Pojazd z planteką"
"959","Jumper","BMW","Pojazd z planteką"
"960","M 140i","Dacia","Naczepa"
"961","330 Coupe","Kia","Kontener"
"962","Berlingo","Ford","Kontener"
"963","Nemo","Hyundai","Kontener"
"964","16i","Dacia","Pojazd z planteką"
"965","M 140i","Citroen","Furgon"
"966","X5 Hybrid","Fiat","Kontener"
"967","M 140i","Kia","Kontener"
"968","316i","Kia","Naczepa"
"969","Q1","Audi","Kontener"
"970","Q1","Ford","Pojazd z planteką"
"971","M 140i","Kia","Naczepa"
"972","A2","Hyundai","Kontener"
"973","Q1","Kia","Naczepa"
"974","316i","Hyundai","Kontener"
"975","A4","Ford","Naczepa"
"976","16i","Hyundai","Kontener"
"977","A4","Kia","Wywrotka"
"978","X5 Hybrid","Hyundai","Pojazd z planteką"
"979","Duster","Kia","Furgon"
"980","Nemo","Ford","Furgon"
"981","Duster","BMW","Naczepa"
"982","X5 Hybrid","BMW","Pojazd z planteką"
"983","Duster","Kia","Pojazd z planteką"
"984","DS3","Dacia","Wywrotka"
"985","Jumper","Citroen","Kontener"
"986","DS3","Audi","Pojazd z planteką"
"987","Q3","Kia","Pojazd z planteką"
"988","A4","Ford","Furgon"
"989","A3","Hyundai","Naczepa"
"990","A4","BMW","Wywrotka"
"991","Logan","Hyundai","Wywrotka"
"992","Nemo","Audi","Naczepa"
"993","Berlingo","Hyundai","Naczepa"
"994","A4","Fiat","Wywrotka"
"995","A4","Fiat","Furgon"
"996","318","Audi","Kontener"
"997","330 Coupe","Audi","Kontener"
"998","Q1","Ford","Pojazd z planteką"
"999","330 Coupe","BMW","Pojazd z planteką"
"1000","DS4","Dacia","Pojazd z planteką"
